Bell No,Actual Time,Contest Model,HawkEar Model,RWP Model,Metronomic Model
1,2050,2050,2050,2232.74,2050
2,2310,2308.42,2308.42,2471.14,2272.85
3,2560,2566.84,2566.84,2709.53,2495.7
4,2840,2825.26,2825.26,2947.93,2718.55
5,3100,3083.68,3083.68,3186.32,2941.4
6,3430,3342.11,3342.11,3424.72,3164.25
7,3760,3600.53,3600.53,3663.12,3387.1
8,4110,3858.95,3858.95,3901.51,3609.95
9,4340,4117.37,4117.37,4139.91,3832.8
10,4590,4375.79,4375.79,4378.3,4055.65
1,4570,4634.21,4634.21,4616.7,4278.5
2,4650,4892.63,4892.63,4855.09,4501.35
3,4980,5151.05,5151.05,5093.49,4724.2
4,5320,5409.47,5409.47,5331.88,4947.05
5,5570,5667.89,5667.89,5570.28,5169.9
6,5890,5926.32,5926.32,5808.68,5392.75
7,6000,6184.74,6184.74,6047.07,5615.6
8,6350,6443.16,6443.16,6285.47,5838.45
9,6570,6701.58,6701.58,6523.86,6061.3
10,6960,6960,6960,6762.26,6284.15
1,7430,7429.64,7443.82,7350.74,6729.85
2,7690,7660.11,7673.2,7589.14,6952.7
3,7880,7890.58,7902.58,7827.53,7175.55
4,8130,8121.05,8131.95,8065.93,7398.4
5,8270,8351.52,8361.33,8304.32,7621.25
6,8550,8581.99,8590.71,8542.72,7844.1
7,8760,8812.46,8820.09,8781.12,8066.95
8,9030,9042.93,9049.47,9019.51,8289.8
9,9280,9273.4,9278.85,9257.91,8512.65
10,9440,9503.87,9508.23,9496.3,8735.5
1,9790,9734.34,9737.61,9734.7,8958.35
2,10020,9964.81,9966.98,9973.09,9181.2
3,10240,10195.3,10196.4,10211.5,9404.05
4,10440,10425.8,10425.7,10449.9,9626.9
5,10650,10656.2,10655.1,10688.3,9849.75
6,10880,10886.7,10884.5,10926.7,10072.6
7,11130,11117.2,11113.9,11165.1,10295.5
8,11350,11347.6,11343.3,11403.5,10518.3
9,11530,11578.1,11572.6,11641.9,10741.2
10,11820,11808.6,11802,11880.3,10964
1,12360,12317.3,12295.6,12295,11409.7
2,12610,12545.7,12525.7,12526.1,11632.6
3,12820,12774.2,12755.9,12757.1,11855.4
4,12960,13002.7,12986,12988.2,12078.3
5,13200,13231.2,13216.1,13219.2,12301.1
6,13450,13459.6,13446.3,13450.3,12524
7,13640,13688.1,13676.4,13681.3,12746.8
8,13900,13916.6,13906.6,13912.4,12969.7
9,14150,14145,14136.7,14143.4,13192.5
10,14340,14373.5,14366.8,14374.5,13415.4
1,14640,14602,14597,14605.5,13638.2
2,14820,14830.5,14827.1,14836.6,13861.1
3,15100,15058.9,15057.3,15067.6,14083.9
4,15260,15287.4,15287.4,15298.7,14306.8
5,15540,15515.9,15517.5,15529.7,14529.6
6,15740,15744.3,15747.7,15760.8,14752.5
7,15990,15972.8,15977.8,15991.8,14975.3
8,16210,16201.3,16207.9,16222.9,15198.2
9,16380,16429.8,16438.1,16453.9,15421
10,16690,16658.2,16668.2,16685,15643.9
1,17130,17148.2,17136.9,17119.9,16089.6
2,17360,17374.8,17364.4,17349.4,16312.4
3,17630,17601.4,17591.9,17578.9,16535.3
4,17820,17828,17819.4,17808.3,16758.1
5,18030,18054.6,18046.9,18037.8,16981
6,18290,18281.2,18274.3,18267.3,17203.8
7,18490,18507.9,18501.8,18496.8,17426.7
8,18720,18734.5,18729.3,18726.3,17649.5
9,18980,18961.1,18956.8,18955.8,17872.4
10,19180,19187.7,19184.3,19185.3,18095.2
1,19470,19414.3,19411.8,19414.7,18318.1
2,19680,19641,19639.2,19644.2,18540.9
3,19840,19867.6,19866.7,19873.7,18763.8
4,20110,20094.2,20094.2,20103.2,18986.6
5,20310,20320.8,20321.7,20332.7,19209.5
6,20500,20547.4,20549.2,20562.2,19432.3
7,20740,20774,20776.7,20791.7,19655.2
8,21040,21000.7,21004.1,21021.1,19878
9,21170,21227.3,21231.6,21250.6,20100.9
10,21510,21453.9,21459.1,21480.1,20323.7
1,22000,21958.5,21929.6,21932,20769.4
2,22230,22184.4,22157.5,22161.1,20992.3
3,22470,22410.3,22385.3,22390.3,21215.1
4,22630,22636.2,22613.1,22619.4,21438
5,22850,22862.1,22841,22848.6,21660.8
6,23050,23088,23068.8,23077.8,21883.7
7,23240,23313.9,23296.7,23306.9,22106.5
8,23500,23539.8,23524.5,23536.1,22329.4
9,23750,23765.7,23752.4,23765.3,22552.2
10,24000,23991.6,23980.2,23994.4,22775.1
1,24320,24217.5,24208,24223.6,22997.9
2,24530,24443.4,24435.9,24452.7,23220.8
3,24730,24669.3,24663.7,24681.9,23443.6
4,24910,24895.2,24891.6,24911.1,23666.5
5,25130,25121.1,25119.4,25140.2,23889.3
6,25290,25347,25347.3,25369.4,24112.2
7,25530,25572.9,25575.1,25598.6,24335
8,25800,25798.8,25802.9,25827.7,24557.9
9,25940,26024.7,26030.8,26056.9,24780.7
10,26280,26250.6,26258.6,26286,25003.6
1,26770,26758.1,26726.4,26736.5,25449.3
2,26970,26983.7,26954.5,26964.8,25672.1
3,27310,27209.3,27182.6,27193.1,25895
4,27440,27434.9,27410.7,27421.4,26117.8
5,27660,27660.6,27638.8,27649.8,26340.7
6,27860,27886.2,27866.9,27878.1,26563.5
7,28100,28111.8,28095,28106.4,26786.4
8,28380,28337.4,28323.1,28334.7,27009.2
9,28570,28563,28551.2,28563,27232.1
10,28790,28788.7,28779.3,28791.3,27454.9
1,29040,29014.3,29007.4,29019.7,27677.8
2,29260,29239.9,29235.5,29248,27900.6
3,29470,29465.5,29463.6,29476.3,28123.5
4,29680,29691.2,29691.7,29704.6,28346.3
5,29910,29916.8,29919.8,29932.9,28569.2
6,30070,30142.4,30147.9,30161.2,28792
7,30340,30368,30376,30389.6,29014.9
8,30570,30593.6,30604.1,30617.9,29237.7
9,30800,30819.3,30832.2,30846.2,29460.6
10,31120,31044.9,31060.3,31074.5,29683.4
1,31580,31541,31513.8,31516,30129.1
2,31760,31766.2,31741.8,31743.7,30352
3,32010,31991.3,31969.7,31971.4,30574.8
4,32240,32216.4,32197.7,32199.1,30797.7
5,32410,32441.5,32425.6,32426.7,31020.5
6,32650,32666.6,32653.6,32654.4,31243.4
7,32850,32891.8,32881.6,32882.1,31466.2
8,33070,33116.9,33109.5,33109.8,31689.1
9,33330,33342,33337.5,33337.5,31911.9
10,33560,33567.1,33565.5,33565.2,32134.8
1,33840,33792.2,33793.4,33792.8,32357.6
2,34060,34017.4,34021.4,34020.5,32580.5
3,34250,34242.5,34249.3,34248.2,32803.3
4,34470,34467.6,34477.3,34475.9,33026.2
5,34670,34692.7,34705.3,34703.6,33249
6,34890,34917.8,34933.2,34931.3,33471.9
7,35130,35143,35161.2,35158.9,33694.7
8,35360,35368.1,35389.2,35386.6,33917.6
9,35570,35593.2,35617.1,35614.3,34140.4
10,35880,35818.3,35845.1,35842,34363.3
1,36370,36315.1,36292,36281.8,34809
2,36570,36539.7,36519.6,36509.9,35031.8
3,36820,36764.4,36747.2,36738.1,35254.7
4,36990,36989.1,36974.9,36966.2,35477.5
5,37120,37213.7,37202.5,37194.3,35700.4
6,37410,37438.4,37430.1,37422.4,35923.2
7,37630,37663.1,37657.8,37650.6,36146.1
8,37850,37887.7,37885.4,37878.7,36368.9
9,38100,38112.4,38113.1,38106.8,36591.8
10,38340,38337.1,38340.7,38334.9,36814.6
1,38620,38561.7,38568.3,38563.1,37037.5
2,38790,38786.4,38796,38791.2,37260.3
3,38990,39011.1,39023.6,39019.3,37483.2
4,39210,39235.7,39251.2,39247.4,37706
5,39470,39460.4,39478.9,39475.6,37928.9
6,39660,39685.1,39706.5,39703.7,38151.7
7,39900,39909.7,39934.2,39931.8,38374.6
8,40150,40134.4,40161.8,40159.9,38597.4
9,40350,40359.1,40389.4,40388.1,38820.3
10,40640,40583.7,40617.1,40616.2,39043.1
1,41110,41093.6,41074.8,41068,39488.8
2,41310,41319.3,41302.4,41296.8,39711.7
3,41600,41545,41530.1,41525.5,39934.5
4,41780,41770.7,41757.7,41754.2,40157.4
5,41990,41996.4,41985.4,41983,40380.2
6,42230,42222.1,42213,42211.7,40603.1
7,42450,42447.8,42440.7,42440.4,40825.9
8,42680,42673.5,42668.3,42669.2,41048.8
9,42910,42899.2,42896,42897.9,41271.6
10,43100,43124.9,43123.6,43126.6,41494.5
1,43360,43350.6,43351.3,43355.4,41717.3
2,43550,43576.3,43578.9,43584.1,41940.2
3,43820,43802,43806.5,43812.8,42163
4,44020,44027.7,44034.2,44041.6,42385.9
5,44230,44253.4,44261.8,44270.3,42608.7
6,44480,44479.1,44489.5,44499,42831.6
7,44700,44704.8,44717.1,44727.8,43054.4
8,44950,44930.5,44944.8,44956.5,43277.3
9,45150,45156.2,45172.4,45185.2,43500.1
10,45400,45381.9,45400.1,45414,43723
1,45860,45884,45864.1,45867.3,44168.7
2,46070,46110.5,46091.9,46095.6,44391.5
3,46360,46337.1,46319.8,46324,44614.4
4,46620,46563.7,46547.7,46552.3,44837.2
5,46800,46790.3,46775.6,46780.6,45060.1
6,47040,47016.9,47003.4,47009,45282.9
7,47260,47243.4,47231.3,47237.3,45505.8
8,47440,47470,47459.2,47465.7,45728.6
9,47720,47696.6,47687,47694,45951.5
10,47880,47923.2,47914.9,47922.3,46174.3
1,48140,48149.7,48142.8,48150.7,46397.2
2,48330,48376.3,48370.7,48379,46620
3,48580,48602.9,48598.5,48607.3,46842.9
4,48820,48829.5,48826.4,48835.7,47065.7
5,49050,49056.1,49054.3,49064,47288.6
6,49310,49282.6,49282.2,49292.4,47511.4
7,49530,49509.2,49510,49520.7,47734.3
8,49790,49735.8,49737.9,49749,47957.1
9,49930,49962.4,49965.8,49977.4,48180
10,50200,50189,50193.6,50205.7,48402.8
1,50650,50671.4,50648.3,50648.6,48848.5
2,50850,50897.3,50876.1,50876.3,49071.4
3,51140,51123.2,51104,51104,49294.2
4,51330,51349.1,51331.8,51331.7,49517.1
5,51540,51575.1,51559.6,51559.5,49739.9
6,51770,51801,51787.5,51787.2,49962.8
7,52010,52026.9,52015.3,52014.9,50185.6
8,52250,52252.8,52243.1,52242.7,50408.5
9,52520,52478.7,52471,52470.4,50631.3
10,52710,52704.7,52698.8,52698.1,50854.2
1,52940,52930.6,52926.6,52925.9,51077
2,53170,53156.5,53154.5,53153.6,51299.9
3,53390,53382.4,53382.3,53381.3,51522.7
4,53600,53608.3,53610.1,53609.1,51745.6
5,53810,53834.3,53838,53836.8,51968.4
6,54010,54060.2,54065.8,54064.5,52191.3
7,54260,54286.1,54293.7,54292.3,52414.1
8,54530,54512,54521.5,54520,52637
9,54740,54737.9,54749.3,54747.7,52859.8
10,55020,54963.9,54977.2,54975.4,53082.7
1,55440,55446.5,55425.3,55422.9,53528.4
2,55640,55671.7,55652.9,55650.1,53751.2
3,55900,55896.9,55880.5,55877.4,53974.1
4,56110,56122.2,56108.1,56104.7,54196.9
5,56360,56347.4,56335.7,56332,54419.8
6,56590,56572.7,56563.2,56559.2,54642.6
7,56780,56797.9,56790.8,56786.5,54865.5
8,57000,57023.2,57018.4,57013.8,55088.3
9,57290,57248.4,57246,57241.1,55311.2
10,57450,57473.7,57473.6,57468.4,55534
1,57640,57698.9,57701.2,57695.6,55756.9
2,57880,57924.1,57928.8,57922.9,55979.7
3,58160,58149.4,58156.4,58150.2,56202.6
4,58340,58374.6,58384,58377.5,56425.4
5,58600,58599.9,58611.6,58604.8,56648.3
6,58850,58825.1,58839.2,58832,56871.1
7,59040,59050.4,59066.8,59059.3,57094
8,59300,59275.6,59294.4,59286.6,57316.8
9,59500,59500.9,59522,59513.9,57539.7
10,59770,59726.1,59749.6,59741.1,57762.5
1,60150,60204.6,60191,60180,58208.2
2,60390,60429.8,60418.2,60407.2,58431.1
3,60680,60654.9,60645.4,60634.5,58653.9
4,60880,60880.1,60872.6,60861.7,58876.8
5,61070,61105.2,61099.8,61088.9,59099.6
6,61330,61330.4,61327,61316.1,59322.5
7,61540,61555.5,61554.2,61543.3,59545.3
8,61780,61780.7,61781.4,61770.5,59768.2
9,62050,62005.8,62008.6,61997.7,59991
10,62190,62231,62235.8,62224.9,60213.9
1,62480,62456.1,62463,62452.1,60436.7
2,62690,62681.2,62690.2,62679.3,60659.6
3,62910,62906.4,62917.4,62906.5,60882.4
4,63120,63131.5,63144.6,63133.7,61105.3
5,63310,63356.7,63371.8,63360.9,61328.1
6,63560,63581.8,63599,63588.1,61551
7,63800,63807,63826.2,63815.3,61773.8
8,64080,64032.1,64053.4,64042.5,61996.7
9,64210,64257.3,64280.6,64269.8,62219.5
10,64550,64482.4,64507.8,64497,62442.4
1,65000,64966.5,64954.8,64942.2,62888.1
2,65180,65191.8,65181.8,65169.9,63110.9
3,65460,65417.2,65408.7,65397.6,63333.8
4,65600,65642.6,65635.7,65625.3,63556.6
5,65800,65868,65862.7,65853,63779.5
6,66070,66093.4,66089.6,66080.8,64002.3
7,66290,66318.8,66316.6,66308.5,64225.2
8,66540,66544.2,66543.6,66536.2,64448
9,66780,66769.6,66770.6,66763.9,64670.9
10,67000,66995,66997.5,66991.6,64893.7
1,67290,67220.4,67224.5,67219.4,65116.6
2,67480,67445.7,67451.5,67447.1,65339.4
3,67700,67671.1,67678.4,67674.8,65562.3
4,67830,67896.5,67905.4,67902.5,65785.1
5,68080,68121.9,68132.4,68130.2,66008
6,68280,68347.3,68359.3,68358,66230.8
7,68530,68572.7,68586.3,68585.7,66453.7
8,68850,68798.1,68813.3,68813.4,66676.5
9,69010,69023.5,69040.2,69041.1,66899.4
10,69340,69248.9,69267.2,69268.8,67122.2
1,69780,69737.7,69723.9,69718.6,67567.9
2,70000,69963.6,69951,69946.5,67790.8
3,70230,70189.5,70178,70174.4,68013.6
4,70410,70415.3,70405,70402.2,68236.5
5,70580,70641.2,70632,70630.1,68459.3
6,70840,70867.1,70859.1,70858,68682.2
7,71070,71093,71086.1,71085.9,68905
8,71270,71318.9,71313.1,71313.8,69127.9
9,71500,71544.8,71540.2,71541.7,69350.7
10,71750,71770.7,71767.2,71769.6,69573.6
1,72050,71996.6,71994.2,71997.4,69796.4
2,72200,72222.5,72221.2,72225.3,70019.3
3,72490,72448.4,72448.3,72453.2,70242.1
4,72660,72674.3,72675.3,72681.1,70465
5,72910,72900.2,72902.3,72909,70687.8
6,73140,73126,73129.4,73136.9,70910.7
7,73370,73351.9,73356.4,73364.8,71133.5
8,73590,73577.8,73583.4,73592.6,71356.4
9,73750,73803.7,73810.4,73820.5,71579.2
10,74080,74029.6,74037.5,74048.4,71802.1
1,74510,74512,74495.9,74492.8,72247.8
2,74680,74738.1,74723,74720.7,72470.6
3,75020,74964.1,74950.2,74948.5,72693.5
4,75140,75190.2,75177.3,75176.4,72916.3
5,75390,75416.2,75404.5,75404.3,73139.2
6,75670,75642.3,75631.6,75632.1,73362
7,75880,75868.3,75858.7,75860,73584.9
8,76130,76094.4,76085.9,76087.8,73807.7
9,76340,76320.4,76313,76315.7,74030.6
10,76550,76546.5,76540.2,76543.6,74253.4
1,76790,76772.5,76767.3,76771.4,74476.3
2,76980,76998.6,76994.5,76999.3,74699.1
3,77210,77224.7,77221.6,77227.2,74922
4,77370,77450.7,77448.8,77455,75144.8
5,77650,77676.8,77675.9,77682.9,75367.7
6,77890,77902.8,77903,77910.7,75590.5
7,78110,78128.9,78130.2,78138.6,75813.4
8,78390,78354.9,78357.3,78366.5,76036.2
9,78570,78581,78584.5,78594.3,76259.1
10,78880,78807,78811.6,78822.2,76481.9
1,79250,79282,79271.4,79275.1,76927.6
2,79480,79509,79498.7,79502.4,77150.5
3,79750,79736.1,79726,79729.7,77373.3
4,79900,79963.1,79953.4,79957,77596.2
5,80140,80190.2,80180.7,80184.3,77819
6,80420,80417.2,80408,80411.6,78041.9
7,80650,80644.3,80635.4,80638.9,78264.7
8,80860,80871.3,80862.7,80866.2,78487.6
9,81130,81098.4,81090,81093.5,78710.4
10,81360,81325.4,81317.4,81320.8,78933.3
1,81580,81552.5,81544.7,81548.2,79156.1
2,81800,81779.6,81772,81775.5,79379
3,81980,82006.6,81999.4,82002.8,79601.8
4,82210,82233.7,82226.7,82230.1,79824.7
5,82450,82460.7,82454,82457.4,80047.5
6,82670,82687.8,82681.4,82684.7,80270.4
7,82910,82914.8,82908.7,82912,80493.2
8,83140,83141.9,83136,83139.3,80716.1
9,83320,83368.9,83363.4,83366.6,80938.9
10,83690,83596,83590.7,83593.9,81161.8
2,84080,84074,84034.4,84049.7,81607.5
1,84370,84296.1,84261.3,84274.4,81830.3
4,84540,84518.2,84488.2,84499.2,82053.2
3,84790,84740.3,84715,84724,82276
6,85010,84962.4,84941.9,84948.7,82498.9
5,85160,85184.5,85168.8,85173.5,82721.7
8,85330,85406.6,85395.6,85398.3,82944.6
7,85620,85628.7,85622.5,85623.1,83167.4
10,85770,85850.8,85849.4,85847.8,83390.3
9,86150,86072.9,86076.2,86072.6,83613.1
1,86220,86295,86303.1,86297.4,83836
2,86540,86517.1,86530,86522.2,84058.8
4,86760,86739.2,86756.8,86746.9,84281.7
6,87010,86961.3,86983.7,86971.7,84504.5
3,87240,87183.4,87210.6,87196.5,84727.4
8,87370,87405.6,87437.4,87421.3,84950.2
5,87590,87627.7,87664.3,87646,85173.1
10,87850,87849.8,87891.2,87870.8,85395.9
7,88000,88071.9,88118,88095.6,85618.8
9,88300,88294,88344.9,88320.3,85841.6
2,88740,88784.3,88749.6,88743.9,86287.3
1,89090,89002,88974.8,88966.2,86510.2
6,89270,89219.6,89200.1,89188.5,86733
4,89460,89437.3,89425.3,89410.9,86955.9
8,89680,89654.9,89650.6,89633.2,87178.7
3,89990,89872.6,89875.8,89855.5,87401.6
10,90020,90090.2,90101,90077.9,87624.4
5,90230,90307.9,90326.3,90300.2,87847.3
9,90560,90525.5,90551.5,90522.5,88070.1
7,90750,90743.2,90776.8,90744.8,88293
2,90910,90960.8,91002,90967.2,88515.8
6,91190,91178.5,91227.2,91189.5,88738.7
1,91400,91396.1,91452.5,91411.8,88961.5
4,91610,91613.8,91677.7,91634.1,89184.4
3,91920,91831.4,91903,91856.5,89407.2
5,92190,92049.1,92128.2,92078.8,89630.1
8,92190,92266.7,92353.4,92301.1,89852.9
10,92390,92484.4,92578.7,92523.5,90075.8
7,92660,92702,92803.9,92745.8,90298.6
9,92870,92919.7,93029.2,92968.1,90521.5
6,93360,93416.1,93423.6,93391.2,90967.2
2,93640,93635.8,93647.1,93613.6,91190
4,93870,93855.5,93870.7,93836,91412.9
1,94150,94075.1,94094.3,94058.4,91635.7
8,94300,94294.8,94317.8,94280.8,91858.6
3,94660,94514.5,94541.4,94503.2,92081.4
10,94790,94734.2,94765,94725.6,92304.3
5,94900,94953.8,94988.5,94948,92527.1
9,95130,95173.5,95212.1,95170.4,92750
7,95330,95393.2,95435.7,95392.8,92972.8
2,95430,95612.9,95659.2,95615.2,93195.7
6,95750,95832.6,95882.8,95837.6,93418.5
1,96030,96052.2,96106.4,96060,93641.4
4,96290,96271.9,96329.9,96282.4,93864.2
8,96510,96491.6,96553.5,96504.8,94087.1
10,96780,96711.3,96777.1,96727.2,94309.9
3,97060,96930.9,97000.7,96949.6,94532.8
9,97120,97150.6,97224.2,97172,94755.6
5,97380,97370.3,97447.8,97394.4,94978.5
7,97600,97590,97671.4,97616.8,95201.3
6,98050,98084.2,98087.1,98063.4,95647
2,98260,98304.5,98309.7,98286,95869.9
4,98530,98524.8,98532.4,98508.6,96092.7
1,98800,98745,98755,98731.2,96315.6
10,98870,98965.3,98977.6,98953.8,96538.4
8,99210,99185.6,99200.2,99176.3,96761.3
9,99440,99405.9,99422.8,99398.9,96984.1
3,99690,99626.2,99645.5,99621.5,97207
7,99850,99846.5,99868.1,99844.1,97429.8
5,100040,100067,100091,100067,97652.7
6,100350,100287,100313,100289,97875.5
4,100530,100507,100536,100512,98098.4
2,100790,100728,100759,100734,98321.2
10,100970,100948,100981,100957,98544.1
1,101110,101168,101204,101180,98766.9
8,101390,101389,101426,101402,98989.8
3,101570,101609,101649,101625,99212.6
9,101800,101829,101872,101847,99435.5
5,102050,102050,102094,102070,99658.3
7,102260,102270,102317,102293,99881.2
4,102770,102759,102741,102732,100327
6,103020,102977,102963,102953,100550
10,103180,103196,103184,103174,100773
2,103440,103414,103406,103395,100995
8,103580,103632,103628,103617,101218
1,103870,103851,103850,103838,101441
9,104130,104069,104072,104059,101664
3,104350,104288,104294,104281,101887
7,104520,104506,104516,104502,102110
5,104610,104724,104738,104723,102333
4,104900,104943,104960,104945,102555
6,105170,105161,105182,105166,102778
2,105320,105379,105404,105387,103001
10,105660,105598,105625,105609,103224
1,105770,105816,105847,105830,103447
8,106070,106034,106069,106051,103670
9,106260,106253,106291,106273,103892
7,106440,106471,106513,106494,104115
3,106720,106690,106735,106715,104338
5,106900,106908,106957,106936,104561
6,107400,107382,107375,107349,105007
4,107580,107600,107596,107570,105230
10,107780,107819,107817,107792,105452
2,107980,108038,108038,108014,105675
8,108190,108257,108259,108235,105898
1,108450,108476,108480,108457,106121
7,108680,108695,108702,108679,106344
9,108940,108914,108923,108900,106567
5,109130,109133,109144,109122,106790
3,109370,109351,109365,109344,107012
4,109590,109570,109586,109565,107235
6,109770,109789,109808,109787,107458
10,110000,110008,110029,110009,107681
8,110230,110227,110250,110230,107904
2,110420,110446,110471,110452,108127
7,110670,110665,110692,110674,108349
1,110900,110884,110913,110895,108572
9,111100,111102,111135,111117,108795
3,111340,111321,111356,111339,109018
5,111570,111540,111577,111560,109241
6,112040,112033,112022,112005,109687
4,112210,112253,112243,112228,109909
8,112490,112473,112464,112452,110132
10,112610,112694,112685,112675,110355
7,112900,112914,112907,112898,110578
2,113160,113134,113128,113121,110801
9,113420,113354,113349,113345,111024
1,113600,113574,113570,113568,111247
5,113770,113794,113792,113791,111469
3,114060,114015,114013,114014,111692
6,114240,114235,114234,114238,111915
8,114510,114455,114455,114461,112138
4,114720,114675,114676,114684,112361
10,114940,114895,114898,114907,112584
2,115030,115116,115119,115131,112806
7,115280,115336,115340,115354,113029
1,115520,115556,115561,115577,113252
9,115800,115776,115782,115800,113475
3,116020,115996,116004,116024,113698
5,116200,116216,116225,116247,113921
8,116720,116712,116688,116694,114366
6,116950,116933,116909,116917,114589
10,117130,117154,117131,117140,114812
4,117390,117375,117353,117363,115035
7,117600,117595,117575,117586,115258
2,117850,117816,117797,117809,115481
9,118090,118037,118018,118032,115704
1,118250,118258,118240,118255,115926
5,118440,118478,118462,118478,116149
3,118720,118699,118684,118701,116372
6,118890,118920,118905,118923,116595
8,119110,119141,119127,119146,116818
4,119400,119361,119349,119369,117041
10,119580,119582,119571,119592,117263
7,119770,119803,119792,119815,117486
9,120050,120024,120014,120038,117709
2,120250,120245,120236,120261,117932
5,120440,120465,120458,120484,118155
1,120680,120686,120679,120707,118378
3,120930,120907,120901,120930,118601
8,121330,121379,121355,121356,119046
6,121550,121600,121577,121579,119269
10,121770,121821,121799,121801,119492
4,122060,122042,122021,122024,119715
9,122330,122263,122243,122247,119938
7,122480,122484,122465,122470,120161
5,122620,122705,122687,122693,120383
2,123000,122926,122909,122915,120606
3,123160,123147,123132,123138,120829
1,123420,123368,123354,123361,121052
8,123530,123589,123576,123584,121275
10,123790,123809,123798,123807,121498
6,123930,124030,124020,124030,121720
9,124230,124251,124242,124252,121943
4,124480,124472,124464,124475,122166
7,124710,124693,124686,124698,122389
2,124950,124914,124908,124921,122612
5,125130,125135,125130,125144,122835
1,125350,125356,125352,125366,123058
3,125630,125577,125574,125589,123280
10,125970,126054,126029,126029,123726
8,126220,126275,126252,126252,123949
9,126500,126496,126474,126475,124172
6,126720,126717,126696,126699,124395
7,126910,126938,126919,126922,124618
4,127160,127159,127141,127146,124840
5,127450,127380,127364,127369,125063
2,127680,127601,127586,127592,125286
3,127910,127822,127808,127816,125509
1,128110,128043,128031,128039,125732
8,128280,128264,128253,128263,125955
10,128430,128485,128475,128486,126177
6,128650,128706,128698,128710,126400
9,128840,128927,128920,128933,126623
4,129120,129148,129142,129156,126846
7,129310,129369,129365,129380,127069
2,129520,129590,129587,129603,127292
5,129870,129811,129810,129827,127515
3,130090,130032,130032,130050,127737
1,130280,130253,130254,130273,127960
10,130700,130726,130711,130718,128406
8,130900,130949,130934,130941,128629
9,131160,131171,131157,131164,128852
6,131360,131394,131380,131387,129075
7,131580,131616,131602,131610,129297
4,131840,131839,131825,131833,129520
5,132090,132062,132048,132056,129743
2,132260,132284,132271,132279,129966
1,132500,132507,132493,132502,130189
3,132800,132729,132716,132725,130412
10,132980,132952,132939,132948,130634
9,133130,133175,133162,133171,130857
8,133400,133397,133385,133394,131080
7,133600,133620,133607,133617,131303
6,133850,133842,133830,133840,131526
4,134060,134065,134053,134063,131749
2,134250,134288,134276,134286,131972
5,134530,134510,134498,134509,132194
3,134770,134733,134721,134732,132417
1,134970,134955,134944,134955,132640
9,135350,135405,135386,135395,133086
10,135560,135626,135609,135616,133309
7,135770,135848,135831,135837,133532
8,136020,136069,136054,136059,133754
4,136300,136290,136277,136280,133977
6,136550,136511,136499,136502,134200
5,136740,136733,136722,136723,134423
2,136980,136954,136945,136944,134646
1,137210,137175,137167,137166,134869
3,137460,137397,137390,137387,135091
10,137600,137618,137613,137609,135314
9,137760,137839,137836,137830,135537
8,138030,138061,138058,138052,135760
7,138240,138282,138281,138273,135983
4,138510,138503,138504,138494,136206
5,138700,138725,138726,138716,136429
6,138930,138946,138949,138937,136651
1,139200,139167,139172,139159,136874
2,139380,139389,139394,139380,137097
3,139670,139610,139617,139601,137320
9,139960,140042,140033,140014,137766
10,140200,140262,140255,140235,137989
7,140430,140482,140477,140456,138211
8,140680,140702,140699,140678,138434
5,140800,140921,140921,140899,138657
4,141150,141141,141143,141121,138880
1,141380,141361,141365,141342,139103
6,141610,141581,141587,141563,139326
3,141880,141800,141809,141785,139548
2,142060,142020,142031,142006,139771
9,142160,142240,142252,142228,139994
7,142430,142460,142474,142449,140217
10,142680,142679,142696,142671,140440
8,142900,142899,142918,142892,140663
4,143110,143119,143140,143113,140886
5,143270,143339,143362,143335,141108
6,143570,143558,143584,143556,141331
1,143780,143778,143806,143778,141554
2,144000,143998,144028,143999,141777
3,144290,144218,144250,144220,142000
7,144690,144679,144683,144671,142446
9,144890,144900,144904,144893,142668
8,145050,145121,145126,145115,142891
10,145330,145342,145347,145337,143114
5,145480,145564,145569,145558,143337
4,145820,145785,145791,145780,143560
1,146070,146006,146012,146002,143783
6,146270,146227,146234,146224,144005
3,146530,146449,146455,146446,144228
2,146630,146670,146677,146668,144451
9,146830,146891,146899,146889,144674
7,147090,147112,147120,147111,144897
8,147310,147334,147342,147333,145120
5,147500,147555,147564,147555,145343
10,147800,147776,147785,147777,145565
1,148010,147998,148007,147999,145788
4,148240,148219,148228,148220,146011
6,148480,148440,148450,148442,146234
2,148630,148661,148672,148664,146457
3,148920,148883,148893,148886,146680
7,149330,149324,149324,149317,147125
9,149530,149545,149545,149538,147348
5,149720,149766,149767,149759,147571
8,149860,149987,149988,149980,147794
1,150280,150208,150209,150201,148017
10,150340,150428,150431,150421,148240
6,150660,150649,150652,150642,148462
4,150890,150870,150873,150863,148685
3,151200,151091,151095,151084,148908
2,151320,151312,151316,151305,149131
7,151530,151533,151537,151526,149354
9,151710,151754,151759,151747,149577
8,151910,151975,151980,151968,149800
5,152110,152196,152201,152189,150022
10,152420,152416,152422,152410,150245
1,152630,152637,152644,152630,150468
6,152860,152858,152865,152851,150691
3,153080,153079,153086,153072,150914
4,153330,153300,153308,153293,151137
2,153600,153521,153529,153514,151360
9,153990,153960,153954,153939,151805
7,154220,154180,154175,154160,152028
5,154330,154399,154396,154381,152251
8,154530,154618,154616,154602,152474
1,154810,154837,154837,154822,152697
10,154990,155056,155058,155043,152919
3,155290,155276,155279,155264,153142
6,155500,155495,155499,155485,153365
2,155770,155714,155720,155706,153588
4,155990,155933,155941,155927,153811
9,156160,156152,156162,156148,154034
5,156330,156371,156383,156369,154257
7,156580,156591,156603,156590,154479
1,156800,156810,156824,156811,154702
8,157050,157029,157045,157032,154925
10,157240,157248,157266,157253,155148
6,157400,157467,157487,157473,155371
3,157700,157687,157707,157694,155594
4,157890,157906,157928,157915,155817
2,158180,158125,158149,158136,156039
5,158590,158577,158585,158568,156485
9,158860,158798,158806,158790,156708
1,158970,159019,159026,159011,156931
7,159210,159240,159247,159233,157154
10,159410,159461,159468,159455,157376
8,159650,159683,159688,159677,157599
3,159930,159904,159909,159899,157822
6,160130,160125,160130,160121,158045
2,160380,160346,160350,160343,158268
4,160590,160567,160571,160565,158491
9,160770,160788,160792,160786,158714
5,160940,161009,161012,161008,158936
7,161180,161230,161233,161230,159159
1,161470,161451,161454,161452,159382
10,161640,161672,161674,161674,159605
3,161900,161893,161895,161896,159828
8,162140,162114,162116,162118,160051
2,162320,162335,162336,162340,160274
6,162560,162556,162557,162561,160496
4,162870,162777,162778,162783,160719
5,163190,163226,163230,163225,161165
9,163490,163449,163451,163447,161388
1,163670,163671,163672,163670,161611
7,163870,163894,163893,163892,161833
3,164120,164116,164114,164114,162056
10,164270,164338,164335,164337,162279
2,164500,164561,164556,164559,162502
8,164750,164783,164777,164782,162725
4,165010,165006,164998,165004,162948
6,165280,165228,165219,165226,163171
5,165500,165451,165441,165449,163393
1,165810,165673,165662,165671,163616
9,165820,165896,165883,165893,163839
7,166070,166118,166104,166116,164062
10,166350,166341,166325,166338,164285
3,166560,166563,166546,166561,164508
8,166770,166786,166767,166783,164731
2,166980,167008,166988,167005,164953
6,167240,167231,167209,167228,165176
4,167500,167453,167430,167450,165399
1,167960,167905,167884,167879,165845
5,168160,168125,168105,168102,166068
7,168340,168345,168326,168325,166290
9,168550,168565,168548,168548,166513
3,168820,168785,168769,168771,166736
10,168970,169005,168990,168994,166959
2,169190,169226,169212,169217,167182
8,169390,169446,169433,169440,167405
4,169690,169666,169654,169663,167628
6,169900,169886,169876,169886,167850
5,170150,170106,170097,170109,168073
1,170400,170326,170318,170332,168296
7,170540,170546,170540,170555,168519
3,170860,170766,170761,170778,168742
9,170910,170986,170982,171001,168965
2,171180,171206,171203,171224,169188
10,171380,171426,171425,171447,169410
4,171570,171646,171646,171670,169633
8,171880,171866,171867,171893,169856
6,172110,172086,172089,172116,170079
1,172660,172568,172555,172567,170525
5,172790,172790,172777,172790,170747
3,173060,173012,172999,173013,170970
7,173300,173233,173221,173236,171193
2,173540,173455,173443,173459,171416
9,173670,173677,173665,173682,171639
4,173870,173899,173887,173904,171862
10,174020,174121,174109,174127,172085
6,174300,174343,174331,174350,172307
8,174480,174565,174553,174573,172530
1,174900,174787,174775,174796,172753
5,175010,175009,174997,175019,172976
7,175270,175230,175219,175242,173199
3,175470,175452,175441,175465,173422
9,175660,175674,175662,175687,173645
2,175850,175896,175884,175910,173867
10,176150,176118,176106,176133,174090
4,176340,176340,176328,176356,174313
8,176550,176562,176550,176579,174536
6,176800,176784,176772,176802,174759
5,177210,177245,177223,177220,175204
1,177490,177465,177445,177443,175427
3,177730,177685,177667,177666,175650
7,177960,177906,177889,177889,175873
2,178180,178126,178111,178112,176096
9,178360,178346,178333,178335,176319
4,178560,178567,178555,178559,176542
10,178780,178787,178777,178782,176764
6,178990,179007,178999,179005,176987
8,179280,179228,179221,179228,177210
1,179340,179448,179443,179451,177433
5,179630,179668,179665,179674,177656
3,179850,179889,179888,179897,177879
2,180180,180109,180110,180120,178102
7,180290,180329,180332,180344,178324
4,180550,180550,180554,180567,178547
9,180740,180770,180776,180790,178770
6,180960,180990,180998,181013,178993
10,181170,181211,181220,181236,179216
8,181540,181431,181442,181459,179439
5,181880,181918,181905,181908,179884
1,182220,182141,182128,182133,180107
2,182400,182363,182351,182357,180330
3,182640,182585,182573,182581,180553
4,182840,182807,182796,182805,180776
7,183010,183029,183018,183029,180999
6,183250,183251,183241,183253,181221
9,183450,183473,183463,183477,181444
8,183660,183696,183686,183701,181667
10,183910,183918,183909,183925,181890
5,184160,184140,184131,184149,182113
2,184450,184362,184354,184373,182336
1,184640,184584,184576,184597,182559
3,184810,184806,184799,184821,182781
7,185030,185029,185021,185045,183004
4,185300,185251,185244,185269,183227
9,185390,185473,185466,185493,183450
6,185690,185695,185689,185717,183673
10,185910,185917,185912,185941,183896
8,186100,186139,186134,186166,184118
2,186530,186610,186597,186617,184564
5,186830,186833,186820,186839,184787
3,187110,187056,187043,187062,185010
1,187310,187279,187266,187284,185233
4,187530,187503,187490,187507,185456
7,187740,187726,187713,187729,185678
6,188030,187949,187936,187952,185901
9,188190,188172,188159,188175,186124
8,188380,188395,188382,188397,186347
10,188550,188618,188605,188620,186570
5,188780,188841,188828,188842,186793
2,189040,189064,189051,189065,187016
1,189300,189288,189274,189287,187238
3,189470,189511,189497,189510,187461
4,189750,189734,189720,189733,187684
6,190030,189957,189943,189955,187907
7,190170,190180,190166,190178,188130
8,190400,190403,190389,190400,188353
9,190610,190626,190613,190623,188575
10,190870,190849,190836,190845,188798
2,191210,191285,191265,191252,189244
5,191480,191505,191488,191475,189467
3,191700,191725,191710,191698,189690
1,191910,191945,191933,191920,189913
6,192180,192165,192155,192143,190135
4,192370,192385,192378,192365,190358
8,192640,192605,192600,192588,190581
7,192870,192825,192823,192810,190804
10,192990,193045,193046,193033,191027
9,193320,193265,193268,193255,191250
2,193460,193485,193491,193478,191473
3,193720,193705,193713,193700,191695
5,193860,193925,193936,193923,191918
6,194160,194145,194158,194145,192141
1,194380,194365,194381,194368,192364
4,194550,194584,194604,194590,192587
7,194770,194804,194826,194813,192810
8,195010,195024,195049,195035,193032
9,195200,195244,195271,195258,193255
10,195550,195464,195494,195481,193478
3,195960,195948,195941,195937,193924
2,196240,196170,196163,196160,194147
6,196470,196391,196386,196384,194370
5,196590,196613,196609,196607,194592
4,196840,196834,196831,196830,194815
1,197110,197055,197054,197054,195038
8,197230,197277,197276,197277,195261
7,197460,197498,197499,197500,195484
10,197630,197719,197721,197724,195707
9,197950,197941,197944,197947,195930
3,198190,198162,198166,198170,196152
2,198380,198384,198389,198393,196375
5,198630,198605,198612,198617,196598
6,198870,198826,198834,198840,196821
1,199140,199048,199057,199063,197044
4,199300,199269,199279,199287,197267
8,199490,199491,199502,199510,197489
10,199680,199712,199724,199733,197712
7,199890,199933,199947,199957,197935
9,200120,200155,200170,200180,198158
2,200560,200629,200613,200611,198604
3,200890,200849,200835,200833,198827
6,201080,201070,201058,201056,199049
5,201350,201290,201280,201279,199272
4,201560,201511,201503,201502,199495
1,201800,201731,201725,201724,199718
10,201910,201952,201947,201947,199941
8,202100,202172,202170,202170,200164
9,202400,202392,202392,202392,200387
7,202580,202613,202615,202615,200609
3,202850,202833,202837,202838,200832
2,203090,203054,203060,203061,201055
6,203290,203274,203282,203283,201278
4,203530,203495,203504,203506,201501
5,203780,203715,203727,203729,201724
10,203980,203935,203949,203951,201946
1,204130,204156,204172,204174,202169
8,204340,204376,204394,204397,202392
7,204540,204597,204617,204620,202615
9,204770,204817,204839,204842,202838
2,205200,205298,205281,205288,203284
3,205580,205518,205504,205509,203506
4,205820,205738,205726,205731,203729
6,206050,205958,205948,205953,203952
10,206180,206178,206171,206174,204175
5,206420,206399,206393,206396,204398
8,206630,206619,206615,206618,204621
1,206880,206839,206837,206839,204844
9,207020,207059,207060,207061,205066
7,207250,207279,207282,207283,205289
2,207420,207499,207504,207504,205512
4,207720,207720,207727,207726,205735
3,207930,207940,207949,207948,205958
6,208170,208160,208171,208169,206181
5,208400,208380,208393,208391,206403
10,208590,208600,208616,208613,206626
1,208820,208820,208838,208834,206849
8,209080,209041,209060,209056,207072
7,209270,209261,209283,209278,207295
9,209440,209481,209505,209499,207518
4,210000,209947,209928,209916,207963
2,210160,210165,210149,210137,208186
6,210370,210383,210371,210358,208409
3,210640,210601,210592,210580,208632
10,210800,210819,210814,210801,208855
5,210990,211037,211036,211022,209078
8,211210,211255,211257,211243,209301
1,211440,211473,211479,211464,209523
9,211740,211691,211700,211686,209746
7,211920,211909,211922,211907,209969
2,212140,212127,212143,212128,210192
4,212400,212345,212365,212349,210415
3,212620,212563,212587,212571,210638
6,212800,212781,212808,212792,210860
10,212990,212999,213030,213013,211083
8,213140,213217,213251,213234,211306
5,213320,213435,213473,213455,211529
9,213610,213653,213694,213677,211752
1,213890,213871,213916,213898,211975
7,214170,214089,214138,214119,212198
4,214650,214587,214570,214566,212643
2,214840,214805,214791,214787,212866
6,215060,215023,215012,215008,213089
3,215330,215241,215233,215229,213312
8,215420,215458,215454,215450,213535
10,215570,215676,215675,215671,213758
9,215880,215894,215897,215892,213980
5,216130,216112,216118,216113,214203
7,216350,216330,216339,216334,214426
1,216550,216548,216560,216555,214649
4,216800,216765,216781,216776,214872
6,217020,216983,217002,216997,215095
2,217320,217201,217223,217218,215317
8,217450,217419,217444,217439,215540
3,217690,217637,217666,217660,215763
10,217880,217855,217887,217881,215986
5,218020,218073,218108,218102,216209
9,218210,218290,218329,218323,216432
1,218450,218508,218550,218544,216655
7,218690,218726,218771,218765,216877
6,219210,219212,219196,219185,217323
4,219460,219429,219417,219405,217546
8,219700,219647,219637,219626,217769
2,219850,219864,219858,219847,217992
10,220030,220082,220078,220067,218215
3,220390,220299,220299,220288,218437
9,220540,220516,220519,220508,218660
5,220680,220734,220740,220729,218883
7,220930,220951,220961,220949,219106
1,221130,221169,221181,221170,219329
4,221400,221386,221402,221390,219552
6,221610,221603,221622,221611,219774
2,221880,221821,221843,221831,219997
8,222080,222038,222063,222052,220220
3,222240,222256,222284,222272,220443
10,222440,222473,222504,222493,220666
5,222660,222691,222725,222713,220889
9,222860,222908,222945,222934,221112
7,223150,223125,223166,223155,221334
1,223360,223343,223387,223375,221557
6,223800,223826,223821,223794,222003
4,224050,224046,224042,224017,222226
8,224270,224265,224262,224239,222449
2,224530,224484,224482,224462,222672
10,224630,224703,224703,224685,222894
3,224990,224923,224923,224907,223117
9,225150,225142,225143,225130,223340
5,225310,225361,225364,225353,223563
1,225570,225581,225584,225575,223786
7,225760,225800,225804,225798,224009
6,225970,226019,226025,226021,224231
8,226270,226238,226245,226244,224454
4,226510,226458,226465,226466,224677
10,226720,226677,226686,226689,224900
2,226870,226896,226906,226912,225123
3,227130,227116,227126,227134,225346
5,227350,227335,227347,227357,225569
9,227510,227554,227567,227580,225791
7,227780,227773,227787,227802,226014
1,228020,227993,228008,228025,226237
8,228460,228487,228483,228498,226683
6,228700,228711,228705,228721,226906
10,228860,228934,228926,228943,227129
4,229150,229158,229148,229166,227351
3,229400,229381,229369,229389,227574
2,229690,229605,229590,229611,227797
9,229810,229828,229812,229834,228020
5,230020,230052,230033,230057,228243
1,230320,230275,230255,230279,228466
7,230390,230499,230476,230502,228689
8,230860,230722,230698,230725,228911
6,231170,230946,230919,230948,229134
4,231180,231169,231140,231170,229357
10,231210,231393,231362,231393,229580
3,231590,231616,231583,231616,229803
9,231780,231840,231805,231838,230026
2,232160,232063,232026,232061,230248
1,232310,232287,232247,232284,230471
5,232490,232510,232469,232506,230694
7,232720,232734,232690,232729,230917
8,233100,233173,233136,233145,231363
6,233430,233392,233358,233365,231586
10,233580,233612,233579,233586,231808
4,233760,233831,233801,233807,232031
9,234030,234050,234022,234028,232254
3,234340,234269,234244,234249,232477
1,234440,234488,234465,234470,232700
2,234730,234707,234687,234691,232923
7,234900,234926,234908,234912,233146
5,235130,235145,235130,235133,233368
8,235230,235364,235351,235354,233591
10,235620,235584,235573,235575,233814
6,235780,235803,235794,235796,234037
4,235990,236022,236016,236017,234260
3,236340,236241,236237,236238,234483
9,236400,236460,236459,236459,234705
2,236630,236679,236680,236680,234928
1,236910,236898,236902,236901,235151
5,237140,237117,237123,237122,235374
7,237390,237336,237345,237342,235597
10,237780,237795,237779,237780,236043
8,237890,238014,238001,238000,236265
4,238190,238234,238222,238221,236488
6,238450,238453,238443,238441,236711
9,238730,238673,238664,238662,236934
3,238930,238892,238886,238882,237157
1,239110,239112,239107,239103,237380
2,239380,239331,239328,239323,237603
7,239580,239551,239550,239544,237825
5,239740,239770,239771,239764,238048
8,239900,239990,239992,239985,238271
10,240190,240209,240213,240205,238494
4,240400,240429,240435,240426,238717
9,240610,240648,240656,240646,238940
6,240840,240868,240877,240867,239162
1,241140,241087,241098,241087,239385
3,241370,241307,241320,241308,239608
2,241590,241526,241541,241528,239831
5,241710,241746,241762,241749,240054
7,241960,241965,241983,241969,240277
10,242340,242417,242406,242394,240722
8,242590,242636,242626,242614,240945
9,242880,242854,242847,242834,241168
4,243040,243072,243068,243055,241391
1,243280,243291,243288,243275,241614
6,243490,243509,243509,243495,241837
2,243790,243727,243730,243715,242060
3,244080,243946,243950,243935,242282
7,244200,244164,244171,244156,242505
5,244330,244382,244392,244376,242728
10,244600,244601,244612,244596,242951
8,244730,244819,244833,244816,243174
4,244960,245037,245054,245037,243397
9,245220,245256,245274,245257,243619
6,245450,245474,245495,245477,243842
1,245700,245692,245716,245697,244065
2,245900,245911,245936,245917,244288
7,246150,246129,246157,246138,244511
3,246440,246347,246378,246358,244734
5,246550,246566,246598,246578,244957
8,247030,247028,247024,247007,245402
10,247140,247247,247245,247228,245625
9,247460,247465,247465,247449,245848
4,247670,247684,247685,247670,246071
1,247930,247903,247905,247890,246294
6,248160,248122,248125,248111,246517
7,248330,248340,248346,248332,246739
2,248610,248559,248566,248553,246962
5,248740,248778,248786,248773,247185
3,249060,248997,249006,248994,247408
8,249180,249215,249227,249215,247631
9,249380,249434,249447,249436,247854
10,249680,249653,249667,249656,248076
1,249890,249872,249887,249877,248299
4,250120,250091,250107,250098,248522
6,250320,250309,250328,250319,248745
2,250570,250528,250548,250539,248968
7,250750,250747,250768,250760,249191
3,250900,250966,250988,250981,249414
5,251170,251184,251208,251202,249636
9,251600,251643,251648,251641,250082
8,251810,251864,251868,251861,250305
1,252060,252085,252089,252082,250528
10,252280,252306,252309,252303,250751
6,252540,252527,252529,252524,250974
4,252790,252748,252749,252745,251196
7,253000,252969,252970,252966,251419
2,253250,253189,253190,253186,251642
5,253370,253410,253410,253407,251865
3,253690,253631,253630,253628,252088
8,253770,253852,253851,253849,252311
9,254020,254073,254071,254070,252533
10,254280,254294,254291,254291,252756
1,254480,254515,254511,254511,252979
6,254700,254736,254732,254732,253202
7,254980,254957,254952,254953,253425
4,255200,255178,255172,255174,253648
5,255450,255399,255393,255395,253871
2,255670,255620,255613,255616,254093
3,255830,255841,255833,255836,254316
9,256220,256272,256272,256263,254762
8,256430,256493,256492,256483,254985
1,256610,256714,256712,256704,255208
10,256890,256935,256933,256925,255431
7,257100,257156,257153,257146,255653
6,257380,257377,257373,257367,255876
5,257610,257598,257593,257588,256099
4,257900,257818,257814,257808,256322
3,258170,258039,258034,258029,256545
2,258330,258260,258254,258250,256768
9,258470,258481,258475,258471,256990
1,258640,258702,258695,258692,257213
8,258830,258923,258915,258913,257436
10,259110,259144,259135,259133,257659
6,259280,259364,259356,259354,257882
7,259520,259585,259576,259575,258105
4,259820,259806,259796,259796,258328
5,260030,260027,260017,260017,258550
2,260330,260248,260237,260238,258773
3,260540,260469,260457,260458,258996
1,260860,260902,260901,260896,259442
9,261150,261123,261121,261117,259665
10,261270,261344,261341,261338,259888
8,261450,261565,261562,261559,260110
7,261720,261786,261782,261780,260333
6,261970,262007,262003,262001,260556
5,262210,262229,262223,262222,260779
4,262530,262450,262444,262443,261002
3,262740,262671,262664,262664,261225
2,262970,262892,262884,262885,261447
9,263120,263113,263105,263105,261670
1,263360,263334,263325,263326,261893
10,263550,263555,263546,263547,262116
7,263710,263776,263766,263768,262339
8,263970,263997,263987,263989,262562
5,264170,264218,264207,264210,262785
6,264460,264439,264428,264431,263007
3,264660,264661,264648,264652,263230
4,264890,264882,264868,264873,263453
2,265140,265103,265089,265094,263676
1,265690,265542,265529,265532,264122
9,265740,265762,265749,265752,264345
7,265990,265981,265970,265972,264567
10,266180,266200,266190,266192,264790
5,266340,266419,266411,266412,265013
8,266540,266639,266631,266633,265236
3,266870,266858,266851,266853,265459
6,267080,267077,267072,267073,265682
2,267370,267296,267292,267293,265904
4,267510,267516,267513,267513,266127
1,267700,267735,267733,267733,266350
9,267890,267954,267953,267953,266573
10,268220,268173,268174,268173,266796
7,268390,268393,268394,268393,267019
8,268610,268612,268615,268613,267242
5,268720,268831,268835,268834,267464
6,269010,269050,269055,269054,267687
3,269260,269270,269276,269274,267910
4,269530,269489,269496,269494,268133
2,269820,269708,269717,269714,268356
9,270210,270142,270143,270131,268802
1,270310,270361,270363,270351,269024
7,270560,270581,270583,270571,269247
10,270750,270800,270803,270791,269470
5,270930,271019,271023,271011,269693
8,271210,271239,271243,271231,269916
3,271520,271458,271463,271451,270139
6,271740,271677,271683,271671,270361
2,271950,271896,271903,271891,270584
4,272190,272116,272123,272111,270807
1,272170,272335,272343,272330,271030
9,272480,272554,272563,272550,271253
7,272730,272774,272783,272770,271476
5,272980,272993,273003,272990,271699
10,273200,273212,273223,273210,271921
3,273430,273432,273443,273430,272144
8,273700,273651,273663,273650,272367
2,273860,273870,273883,273870,272590
6,274110,274089,274103,274090,272813
4,274380,274309,274323,274310,273036
9,274800,274746,274758,274749,273481
1,274960,274967,274978,274969,273704
5,275110,275188,275198,275189,273927
7,275380,275409,275418,275410,274150
3,275610,275630,275638,275630,274373
10,275820,275851,275858,275850,274596
2,276060,276072,276078,276071,274818
8,276260,276293,276298,276291,275041
4,276580,276514,276518,276511,275264
6,276780,276735,276738,276732,275487
9,276960,276956,276957,276952,275710
5,277110,277177,277177,277173,275933
1,277330,277398,277397,277393,276156
7,277610,277619,277617,277613,276378
10,277930,277839,277837,277834,276601
3,278040,278060,278057,278054,276824
8,278240,278281,278277,278274,277047
2,278510,278502,278497,278495,277270
6,278740,278723,278717,278715,277493
4,279010,278944,278937,278935,277716
5,279350,279377,279372,279361,278161
9,279650,279596,279591,279581,278384
7,279810,279815,279811,279802,278607
1,280020,280034,280031,280023,278830
3,280250,280253,280251,280243,279053
10,280460,280472,280471,280464,279275
2,280710,280691,280690,280684,279498
8,280900,280910,280910,280905,279721
4,281150,281129,281130,281125,279944
6,281350,281348,281350,281346,280167
9,281550,281567,281569,281566,280390
5,281790,281786,281789,281787,280613
1,281980,282005,282009,282007,280835
7,282180,282224,282229,282228,281058
3,282430,282443,282448,282448,281281
2,282700,282663,282668,282669,281504
10,282870,282882,282888,282889,281727
4,283060,283101,283108,283110,281950
8,283350,283320,283328,283331,282173
6,283560,283539,283547,283551,282395
5,284010,283990,283992,283979,282841
9,284230,284211,284212,284201,283064
7,284420,284431,284432,284423,283287
1,284620,284651,284652,284644,283510
2,284920,284872,284872,284866,283732
3,285160,285092,285092,285088,283955
4,285340,285312,285312,285310,284178
10,285520,285532,285532,285532,284401
6,285740,285753,285752,285753,284624
8,285930,285973,285972,285975,284847
5,286120,286193,286191,286197,285070
7,286430,286414,286411,286419,285292
9,286630,286634,286631,286640,285515
2,286830,286854,286851,286862,285738
1,287030,287074,287071,287084,285961
3,287330,287295,287291,287306,286184
10,287580,287515,287511,287528,286407
4,287790,287735,287731,287749,286630
8,287950,287955,287951,287971,286852
6,288140,288176,288171,288193,287075
7,288670,288644,288636,288642,287521
5,288880,288865,288856,288864,287744
2,289190,289086,289077,289086,287967
9,289340,289307,289297,289308,288189
3,289570,289528,289518,289530,288412
1,289790,289750,289738,289753,288635
4,289950,289971,289959,289975,288858
10,290200,290192,290180,290197,289081
6,290350,290413,290400,290419,289304
8,290530,290634,290621,290641,289527
7,290930,290855,290841,290864,289749
5,291080,291076,291062,291086,289972
9,291300,291297,291283,291308,290195
2,291550,291518,291503,291530,290418
1,291750,291739,291724,291752,290641
3,291960,291960,291944,291975,290864
4,292170,292181,292165,292197,291087
6,292360,292402,292385,292419,291309
10,292620,292623,292606,292641,291532
8,292860,292844,292827,292863,291755
5,293310,293297,293285,293284,292201
7,293500,293519,293506,293506,292424
2,293780,293740,293727,293729,292646
9,294010,293961,293949,293952,292869
3,294220,294182,294170,294175,293092
1,294400,294403,294391,294397,293315
6,294620,294624,294612,294620,293538
4,294810,294846,294833,294843,293761
8,295020,295067,295054,295066,293984
10,295300,295288,295275,295289,294206
7,295500,295509,295496,295511,294429
5,295670,295730,295717,295734,294652
2,295970,295951,295938,295957,294875
3,296170,296173,296159,296180,295098
9,296360,296394,296380,296403,295321
6,296640,296615,296601,296625,295544
1,296860,296836,296823,296848,295766
4,297070,297057,297044,297071,295989
10,297270,297278,297265,297294,296212
8,297520,297500,297486,297516,296435
5,297950,297972,297958,297973,296881
7,298200,298194,298179,298196,297103
3,298460,298416,298401,298418,297326
2,298690,298639,298623,298641,297549
6,298930,298861,298845,298864,297772
9,299120,299083,299067,299087,297995
4,299300,299305,299289,299310,298218
1,299570,299528,299511,299533,298441
8,299740,299750,299733,299756,298663
10,299930,299972,299955,299979,298886
5,300200,300195,300176,300202,299109
3,300410,300417,300398,300425,299332
7,300630,300639,300620,300648,299555
2,300880,300862,300842,300871,299778
9,301030,301084,301064,301094,300001
6,301270,301306,301286,301317,300223
1,301590,301528,301508,301540,300446
4,301780,301751,301730,301763,300669
10,301980,301973,301952,301985,300892
8,302150,302195,302173,302208,301115
3,302630,302649,302626,302634,301560
5,302880,302869,302848,302856,301783
2,303130,303090,303070,303078,302006
7,303340,303310,303292,303301,302229
6,303490,303531,303514,303523,302452
9,303730,303751,303736,303745,302675
4,303990,303972,303959,303967,302898
1,304270,304192,304181,304189,303120
8,304410,304413,304403,304411,303343
10,304640,304633,304625,304633,303566
5,304810,304854,304847,304856,303789
3,305100,305075,305069,305078,304012
7,305330,305295,305291,305300,304235
2,305590,305516,305513,305522,304458
6,305620,305736,305735,305744,304680
4,305900,305957,305957,305966,304903
9,306090,306177,306179,306188,305126
8,306410,306398,306401,306411,305349
1,306640,306618,306623,306633,305572
10,306890,306839,306846,306855,305795
3,307330,307307,307290,307284,306240
5,307550,307527,307512,307507,306463
2,307830,307747,307734,307730,306686
7,307990,307967,307956,307953,306909
4,308160,308187,308178,308176,307132
6,308390,308407,308400,308399,307355
8,308570,308627,308622,308622,307577
9,308840,308847,308844,308845,307800
10,309070,309067,309066,309068,308023
1,309260,309287,309288,309291,308246
3,309540,309507,309510,309513,308469
2,309810,309727,309732,309736,308692
5,309950,309947,309954,309959,308915
4,310200,310167,310176,310182,309137
7,310430,310387,310398,310405,309360
6,310650,310607,310620,310628,309583
9,310730,310827,310842,310851,309806
8,311050,311047,311064,311074,310029
1,311190,311267,311286,311297,310252
10,311500,311487,311508,311520,310474
2,311950,311975,311966,311968,310920
3,312250,312197,312188,312191,311143
4,312460,312419,312410,312415,311366
5,312710,312640,312633,312638,311589
6,312950,312862,312855,312862,311812
7,313130,313084,313077,313085,312034
8,313270,313306,313300,313308,312257
9,313490,313527,313522,313532,312480
10,313690,313749,313744,313755,312703
1,313860,313971,313967,313979,312926
3,314230,314193,314189,314202,313149
2,314500,314414,314411,314426,313372
5,314660,314636,314634,314649,313594
4,314900,314858,314856,314873,313817
7,315110,315079,315078,315096,314040
6,315360,315301,315301,315319,314263
9,315470,315523,315523,315543,314486
8,315720,315745,315745,315766,314709
10,315970,315966,315968,315990,314931
1,316130,316188,316190,316213,315154
2,316620,316661,316644,316647,315600
3,316930,316883,316867,316871,315823
4,317120,317104,317090,317094,316046
5,317430,317326,317312,317317,316269
6,317640,317547,317535,317540,316491
7,317790,317768,317757,317763,316714
8,317990,317990,317980,317987,316937
9,318200,318211,318202,318210,317160
1,318300,318433,318425,318433,317383
10,318580,318654,318647,318656,317606
2,318810,318876,318870,318880,317829
4,319070,319097,319093,319103,318051
3,319350,319319,319315,319326,318274
6,319610,319540,319538,319549,318497
5,319820,319761,319760,319773,318720
7,319990,319983,319983,319996,318943
9,320130,320204,320205,320219,319166
8,320460,320426,320428,320442,319388
10,320620,320647,320650,320665,319611
1,320900,320869,320873,320889,319834
4,321360,321351,321324,321334,320280
2,321580,321571,321547,321556,320503
6,321840,321791,321770,321779,320726
3,322080,322011,321992,322001,320948
7,322230,322231,322215,322224,321171
5,322600,322451,322437,322446,321394
8,322630,322671,322660,322669,321617
9,322880,322891,322883,322891,321840
1,323070,323111,323105,323114,322063
10,323290,323331,323328,323336,322286
2,323500,323551,323551,323559,322508
4,323750,323771,323773,323781,322731
3,324020,323991,323996,324004,322954
6,324250,324212,324218,324226,323177
7,324490,324432,324441,324449,323400
8,324670,324652,324664,324671,323623
5,324910,324872,324886,324894,323845
1,325070,325092,325109,325116,324068
9,325160,325312,325332,325339,324291
10,325570,325532,325554,325561,324514
4,326050,326010,325989,325994,324960
2,326250,326229,326211,326215,325183
6,326460,326448,326433,326436,325405
3,326720,326667,326655,326657,325628
8,326870,326886,326877,326878,325851
7,327100,327105,327100,327099,326074
1,327260,327324,327322,327320,326297
5,327510,327543,327544,327541,326520
10,327700,327762,327766,327762,326743
9,327980,327981,327988,327983,326965
4,328210,328200,328211,328204,327188
6,328460,328419,328433,328425,327411
2,328740,328638,328655,328646,327634
3,328920,328857,328877,328867,327857
7,329120,329076,329100,329088,328080
8,329260,329295,329322,329309,328302
5,329510,329514,329544,329530,328525
1,329730,329733,329766,329751,328748
9,329850,329952,329988,329972,328971
10,330170,330171,330211,330193,329194
6,330630,330655,330627,330620,329640
4,330860,330871,330849,330840,329862
3,331170,331087,331070,331060,330085
2,331380,331303,331291,331280,330308
8,331550,331519,331512,331500,330531
7,331800,331735,331734,331721,330754
1,331950,331951,331955,331941,330977
5,332230,332167,332176,332161,331200
10,332300,332383,332397,332381,331422
9,332640,332599,332619,332601,331645
4,332860,332815,332840,332822,331868
6,333050,333031,333061,333042,332091
2,333220,333247,333282,333262,332314
3,333330,333463,333503,333482,332537
8,333530,333679,333725,333702,332759
1,333940,333895,333946,333923,332982
7,334140,334111,334167,334143,333205
5,334340,334327,334388,334363,333428
9,334540,334543,334610,334583,333651
10,334770,334759,334831,334803,333874
6,335270,335248,335248,335228,334319
4,335500,335466,335469,335449,334542
8,335720,335684,335689,335670,334765
3,335870,335903,335910,335890,334988
1,336070,336121,336130,336111,335211
2,336280,336339,336351,336331,335434
5,336550,336557,336571,336552,335657
7,336900,336776,336792,336772,335879
10,336980,336994,337012,336993,336102
9,337240,337212,337232,337213,336325
6,337390,337430,337453,337434,336548
4,337660,337649,337673,337654,336771
3,337900,337867,337894,337875,336994
8,338050,338085,338114,338095,337216
2,338240,338303,338335,338316,337439
1,338510,338522,338555,338536,337662
5,338680,338740,338776,338757,337885
10,338980,338958,338996,338977,338108
7,339250,339176,339217,339198,338331
9,339430,339395,339437,339419,338554
4,339940,339882,339869,339855,338999
6,340150,340100,340089,340076,339222
8,340320,340318,340309,340297,339445
3,340560,340536,340529,340518,339668
1,340740,340754,340750,340739,339891
2,340960,340972,340970,340960,340114
10,341110,341189,341190,341181,340336
5,341340,341407,341410,341402,340559
9,341640,341625,341630,341623,340782
7,341840,341843,341850,341844,341005
4,342080,342061,342070,342066,341228
8,342300,342279,342291,342287,341451
6,342510,342497,342511,342508,341673
1,342750,342715,342731,342729,341896
3,342970,342933,342951,342950,342119
2,343210,343150,343171,343171,342342
5,343360,343368,343391,343392,342565
10,343560,343586,343612,343613,342788
7,343760,343804,343832,343834,343011
9,344000,344022,344052,344055,343233
8,344530,344516,344495,344485,343679
4,344740,344734,344715,344707,343902
1,344980,344952,344935,344928,344125
6,345160,345170,345155,345150,344348
2,345400,345388,345376,345372,344571
3,345700,345606,345596,345593,344793
10,345850,345824,345816,345815,345016
5,345970,346042,346036,346037,345239
9,346240,346260,346256,346258,345462
7,346470,346478,346476,346480,345685
4,346690,346696,346697,346702,345908
8,346890,346914,346917,346924,346130
6,347120,347132,347137,347145,346353
1,347410,347350,347357,347367,346576
2,347560,347568,347577,347589,346799
10,347860,347786,347797,347810,347022
3,348080,348004,348017,348032,347245
9,348190,348222,348238,348254,347468
5,348320,348440,348458,348475,347690
7,348660,348657,348678,348697,347913
8,349120,349160,349136,349138,348359
4,349340,349379,349356,349360,348582
1,349670,349598,349577,349582,348805
6,349850,349817,349798,349804,349028
10,350040,350037,350018,350026,349250
2,350360,350256,350239,350248,349473
9,350510,350475,350459,350470,349696
3,350690,350694,350680,350692,349919
7,350890,350913,350901,350914,350142
5,351070,351133,351121,351136,350365
8,351300,351352,351342,351359,350587
1,351650,351571,351562,351581,350810
4,351790,351790,351783,351803,351033
6,352050,352009,352004,352025,351256
2,352290,352228,352224,352247,351479
10,352480,352448,352445,352469,351702
3,352630,352667,352665,352691,351925
9,352840,352886,352886,352913,352147
5,353050,353105,353106,353135,352370
7,353330,353324,353327,353357,352593
1,353810,353805,353786,353790,353039
8,353970,354026,354007,354012,353262
6,354230,354247,354228,354234,353485
4,354450,354468,354449,354456,353707
10,354680,354689,354670,354678,353930
2,354870,354909,354892,354900,354153
9,355180,355130,355113,355122,354376
3,355370,355351,355334,355345,354599
7,355580,355572,355555,355567,354822
5,355770,355793,355776,355789,355044
8,355960,356014,355997,356011,355267
1,356220,356235,356218,356233,355490
6,356490,356455,356439,356455,355713
10,356680,356676,356661,356678,355936
4,356890,356897,356882,356900,356159
9,357110,357118,357103,357122,356382
2,357340,357339,357324,357344,356604
7,357570,357560,357545,357566,356827
3,357830,357780,357766,357788,357050
5,358000,358001,357987,358010,357273
1,358490,358474,358443,358449,357719
8,358540,358694,358665,358671,357942
10,358900,358914,358886,358893,358164
6,359110,359134,359108,359115,358387
9,359370,359353,359329,359338,358610
4,359620,359573,359551,359560,358833
7,359800,359793,359772,359782,359056
2,360100,360013,359994,360004,359279
5,360230,360233,360215,360226,359501
3,360530,360453,360437,360448,359724
1,360680,360673,360658,360670,359947
8,360830,360892,360880,360892,360170
6,361050,361112,361101,361114,360393
10,361310,361332,361323,361336,360616
4,361580,361552,361544,361558,360839
9,361740,361772,361766,361780,361061
2,361990,361992,361987,362003,361284
7,362230,362212,362209,362225,361507
3,362430,362431,362430,362447,361730
5,362650,362651,362652,362669,361953
8,363070,363116,363100,363103,362399
1,363330,363337,363322,363325,362621
10,363480,363558,363543,363546,362844
6,363750,363779,363765,363768,363067
9,364000,364000,363987,363990,363290
4,364260,364221,364208,364211,363513
7,364440,364442,364430,364433,363736
2,364750,364663,364652,364655,363958
5,364890,364884,364873,364876,364181
3,365170,365105,365095,365098,364404
1,365220,365326,365317,365320,364627
8,365460,365547,365538,365542,364850
10,365720,365768,365760,365763,365073
9,365920,365989,365982,365985,365296
6,366140,366210,366204,366207,365518
7,366450,366431,366425,366428,365741
4,366640,366652,366647,366650,365964
5,366910,366873,366869,366872,366187
2,367190,367095,367090,367093,366410
3,367390,367316,367312,367315,366633
8,367680,367764,367751,367750,367078
1,367960,367985,367972,367971,367301
9,368150,368205,368194,368193,367524
10,368390,368426,368415,368414,367747
7,368580,368647,368637,368635,367970
6,368870,368867,368859,368856,368193
5,369060,369088,369080,369077,368415
4,369330,369308,369302,369298,368638
3,369650,369529,369523,369519,368861
2,369890,369750,369745,369740,369084
8,369890,369970,369967,369961,369307
9,370090,370191,370188,370182,369530
1,370430,370412,370410,370403,369753
10,370600,370632,370631,370624,369975
6,370830,370853,370853,370845,370198
7,371040,371073,371075,371066,370421
4,371310,371294,371296,371287,370644
5,371430,371515,371518,371508,370867
2,371770,371735,371739,371730,371090
3,372060,371956,371961,371951,371313
9,372360,372401,372388,372388,371758
8,372580,372620,372609,372608,371981
10,372780,372839,372830,372827,372204
1,373020,373058,373051,373047,372427
7,373240,373277,373272,373267,372650
6,373480,373497,373493,373486,372872
5,373680,373716,373714,373706,373095
4,374010,373935,373936,373926,373318
3,374240,374154,374157,374145,373541
2,374420,374373,374378,374365,373764
8,374590,374593,374599,374585,373987
9,374810,374812,374820,374805,374210
1,375010,375031,375041,375024,374432
10,375260,375250,375262,375244,374655
7,375420,375469,375484,375464,374878
5,375600,375688,375705,375683,375101
6,375860,375908,375926,375903,375324
3,376110,376127,376147,376123,375547
4,376390,376346,376368,376342,375770
2,376640,376565,376589,376562,375992
9,377010,377000,376996,376974,376438
8,377120,377217,377217,377194,376661
10,377400,377435,377437,377413,376884
1,377620,377653,377657,377632,377107
5,377780,377871,377877,377852,377329
7,378070,378089,378097,378071,377552
3,378320,378306,378317,378291,377775
6,378540,378524,378537,378510,377998
2,378790,378742,378758,378730,378221
4,379010,378960,378978,378949,378444
9,379130,379178,379198,379169,378667
10,379410,379395,379418,379388,378889
8,379600,379613,379638,379608,379112
5,379730,379831,379858,379827,379335
1,380080,380049,380078,380047,379558
7,380280,380267,380299,380266,379781
6,380510,380484,380519,380486,380004
3,380700,380702,380739,380705,380227
4,380900,380920,380959,380924,380449
2,381180,381138,381179,381144,380672
10,381600,381596,381602,381578,381118
9,381840,381815,381821,381799,381341
5,381950,382033,382041,382019,381564
8,382130,382252,382261,382240,381786
7,382480,382471,382480,382460,382009
1,382770,382690,382700,382681,382232
3,382960,382909,382920,382902,382455
6,383150,383128,383139,383122,382678
2,383340,383347,383359,383343,382901
4,383580,383566,383579,383564,383124
10,383820,383785,383798,383784,383346
9,384030,384003,384018,384005,383569
8,384180,384222,384237,384226,383792
5,384340,384441,384457,384446,384015
1,384690,384660,384677,384667,384238
7,384890,384879,384896,384888,384461
3,385130,385098,385116,385108,384684
2,385300,385317,385336,385329,384906
6,385520,385536,385555,385549,385129
4,385780,385754,385775,385770,385352
9,386220,386207,386218,386210,385798
10,386370,386429,386438,386431,386021
5,386530,386650,386658,386651,386243
8,386770,386871,386878,386872,386466
7,387120,387093,387097,387093,386689
1,387420,387314,387317,387314,386912
2,387530,387536,387537,387535,387135
3,387840,387757,387757,387755,387358
4,388070,387979,387977,387976,387581
6,388220,388200,388197,388197,387803
10,388430,388421,388416,388418,388026
9,388630,388643,388636,388639,388249
5,388740,388864,388856,388860,388472
7,389070,389086,389076,389080,388695
8,389250,389307,389296,389301,388918
2,389460,389529,389516,389522,389141
1,389740,389750,389735,389743,389363
3,390000,389971,389955,389964,389586
6,390220,390193,390175,390184,389809
4,390520,390414,390395,390405,390032
9,390790,390844,390838,390842,390478
10,391030,391064,391058,391062,390700
7,391270,391285,391278,391282,390923
5,391420,391505,391498,391501,391146
2,391750,391725,391718,391721,391369
8,391900,391945,391938,391941,391592
3,392190,392166,392158,392160,391815
1,392440,392386,392378,392380,392038
4,392690,392606,392598,392600,392260
6,392890,392827,392818,392819,392483
9,392970,393047,393038,393039,392706
7,393210,393267,393258,393258,392929
10,393480,393488,393478,393478,393152
5,393610,393708,393698,393698,393375
8,393900,393928,393918,393917,393598
2,394120,394148,394138,394137,393820
1,394400,394369,394358,394357,394043
3,394590,394589,394578,394576,394266
6,394810,394809,394798,394796,394489
4,395120,395030,395018,395016,394712
7,395450,395451,395442,395433,395157
9,395660,395669,395661,395652,395380
5,395800,395887,395881,395871,395603
10,396040,396105,396101,396090,395826
2,396300,396323,396320,396309,396049
8,396550,396541,396540,396528,396272
3,396800,396759,396759,396748,396495
1,397000,396978,396979,396967,396717
4,397250,397196,397198,397186,396940
6,397500,397414,397418,397405,397163
9,397570,397632,397637,397624,397386
7,397820,397850,397857,397843,397609
10,398050,398068,398077,398062,397832
5,398130,398286,398296,398281,398055
2,398370,398505,398516,398501,398277
3,398720,398723,398735,398720,398500
8,398970,398941,398955,398939,398723
4,399200,399159,399174,399158,398946
1,399480,399377,399394,399377,399169
6,399630,399595,399613,399596,399392
7,400000,400034,400041,400027,399837
9,400240,400254,400261,400246,400060
5,400410,400473,400480,400466,400283
10,400680,400692,400699,400686,400506
3,400940,400911,400918,400906,400729
2,401190,401130,401138,401125,400952
4,401390,401350,401357,401345,401174
8,401520,401569,401576,401565,401397
6,401790,401788,401795,401785,401620
1,402060,402007,402015,402005,401843
7,402220,402226,402234,402224,402066
5,402410,402446,402453,402444,402289
9,402570,402665,402672,402664,402512
3,402870,402884,402892,402884,402734
10,403090,403103,403111,403104,402957
2,403360,403322,403330,403323,403180
8,403560,403542,403549,403543,403403
4,403810,403761,403769,403763,403626
1,404000,403980,403988,403983,403849
6,404180,404199,404207,404202,404071
5,404680,404642,404645,404638,404517
7,404860,404861,404864,404858,404740
3,405120,405081,405084,405078,404963
9,405300,405300,405303,405298,405186
2,405430,405520,405522,405518,405409
10,405710,405739,405741,405738,405631
4,405950,405959,405961,405957,405854
8,406180,406178,406180,406177,406077
6,406380,406398,406399,406397,406300
1,406670,406617,406618,406617,406523
7,406850,406837,406838,406837,406746
5,407060,407057,407057,407057,406969
9,407260,407276,407276,407277,407191
3,407520,407496,407495,407497,407414
10,407730,407715,407714,407716,407637
2,407870,407935,407934,407936,407860
8,408180,408154,408153,408156,408083
4,408340,408374,408372,408376,408306
6,408560,408593,408591,408596,408528
1,408890,408813,408811,408816,408751
5,409280,409255,409248,409244,409197
7,409520,409474,409468,409464,409420
3,409770,409692,409687,409684,409643
9,409910,409911,409906,409903,409866
2,410090,410129,410125,410123,410088
10,410300,410347,410344,410343,410311
4,410560,410566,410564,410562,410534
8,410730,410784,410783,410782,410757
1,410970,411003,411002,411002,410980
6,411210,411221,411221,411221,411203
5,411450,411439,411440,411441,411426
3,411720,411658,411660,411660,411648
7,411890,411876,411879,411880,411871
2,412090,412095,412098,412100,412094
9,412260,412313,412317,412319,412317
10,412540,412532,412536,412539,412540
8,412740,412750,412756,412759,412763
4,412970,412968,412975,412978,412985
6,413190,413187,413194,413198,413208
1,413430,413405,413413,413418,413431
3,413900,413856,413851,413835,413877
5,414090,414075,414070,414056,414100
2,414310,414293,414290,414277,414323
7,414560,414512,414509,414498,414545
10,414640,414730,414728,414719,414768
9,414970,414948,414947,414940,414991
4,415190,415167,415166,415161,415214
8,415310,415385,415385,415382,415437
1,415560,415604,415604,415603,415660
6,415820,415822,415824,415824,415883
5,416060,416040,416043,416044,416105
3,416330,416259,416262,416265,416328
7,416510,416477,416481,416486,416551
2,416760,416696,416700,416707,416774
10,416930,416914,416919,416928,416997
4,417060,417133,417139,417149,417220
9,417280,417351,417358,417370,417442
1,417680,417569,417577,417591,417665
8,417740,417788,417796,417812,417888
6,417980,418006,418015,418033,418111
3,418540,418477,418481,418464,418557
5,418730,418699,418701,418688,418780
2,418960,418921,418921,418912,419002
7,419130,419143,419141,419136,419225
4,419280,419365,419361,419360,419448
10,419530,419587,419581,419584,419671
1,419940,419809,419801,419809,419894
9,420030,420031,420021,420033,420117
6,420210,420253,420241,420257,420340
8,420440,420475,420461,420481,420562
3,420700,420697,420681,420705,420785
2,420960,420919,420901,420929,421008
5,421130,421141,421121,421153,421231
7,421520,421363,421341,421377,421454
10,421550,421585,421561,421602,421677
4,421780,421807,421781,421826,421899
9,421960,422029,422001,422050,422122
1,422390,422251,422221,422274,422345
8,422440,422473,422441,422498,422568
6,422640,422695,422661,422722,422791
2,423080,423189,423167,423206,423237
3,423410,423413,423389,423430,423459
5,423860,423637,423610,423653,423682
4,423980,423860,423832,423877,423905
10,424280,424084,424054,424100,424128
7,424330,424308,424276,424324,424351
1,424520,424532,424498,424547,424574
9,424720,424755,424719,424770,424797
6,424900,424979,424941,424994,425019
8,425070,425203,425163,425217,425242
3,425360,425426,425385,425441,425465
2,425640,425650,425607,425664,425688
4,425830,425874,425828,425888,425911
5,426320,426097,426050,426111,426134
1,426510,426321,426272,426334,426356
10,426690,426545,426494,426558,426579
7,426730,426769,426716,426781,426802
9,426920,426992,426937,427005,427025
8,427090,427216,427159,427228,427248
6,427340,427440,427381,427452,427471
2,427770,427877,427837,427845,427916
3,428060,428097,428059,428068,428139
4,428300,428316,428281,428290,428362
1,428600,428536,428503,428512,428585
5,428750,428755,428725,428735,428808
9,429120,428975,428947,428957,429031
10,429340,429194,429169,429180,429254
7,429360,429414,429391,429402,429476
6,429600,429633,429613,429624,429699
8,429710,429853,429835,429847,429922
2,429940,430072,430058,430069,430145
3,430250,430292,430280,430292,430368
4,430570,430511,430502,430514,430591
5,430740,430731,430724,430736,430813
1,431060,430951,430946,430959,431036
9,431210,431170,431168,431181,431259
7,431450,431390,431390,431404,431482
6,431560,431609,431612,431626,431705
10,431770,431829,431834,431848,431928
8,432000,432048,432056,432071,432151
3,432540,432530,432520,432518,432596
2,432780,432753,432743,432742,432819
4,432970,432975,432965,432967,433042
1,433270,433198,433188,433192,433265
5,433470,433420,433410,433416,433488
6,433760,433643,433633,433641,433711
9,433810,433866,433856,433865,433933
7,434130,434088,434078,434090,434156
8,434210,434311,434301,434315,434379
10,434490,434533,434524,434539,434602
3,434730,434756,434746,434764,434825
4,434980,434978,434969,434988,435048
1,435180,435201,435191,435213,435270
2,435260,435423,435414,435438,435493
9,435700,435646,435637,435662,435716
5,435890,435868,435859,435887,435939
6,436330,436091,436082,436111,436162
7,436350,436314,436304,436336,436385
10,436510,436536,436527,436561,436608
8,436670,436759,436750,436785,436830
4,437230,437228,437226,437256,437276
1,437280,437453,437449,437479,437499
3,437530,437679,437673,437702,437722
2,437820,437905,437896,437925,437945
9,438370,438130,438120,438147,438168
5,438580,438356,438343,438370,438390
6,438700,438582,438567,438593,438613
7,438950,438807,438790,438816,438836
8,438980,439033,439014,439038,439059
10,439240,439258,439238,439261,439282
3,439400,439484,439461,439484,439505
2,439710,439710,439685,439707,439727
4,439730,439935,439908,439929,439950
1,439910,440161,440132,440152,440173
5,440540,440387,440355,440375,440396
6,440630,440612,440579,440598,440619
9,440900,440838,440802,440820,440842
8,441110,441064,441026,441043,441065
7,441310,441289,441250,441266,441287
10,441530,441515,441473,441489,441510
1,441960,441907,441895,441882,441956
4,441960,442128,442117,442104,442179
3,442150,442350,442340,442326,442402
2,442470,442571,442563,442548,442625
6,442790,442792,442786,442769,442847
5,442960,443014,443009,442991,443070
8,443280,443235,443232,443213,443293
9,443550,443456,443455,443435,443516
10,443790,443678,443678,443656,443739
7,444000,443899,443901,443878,443962
1,444100,444120,444124,444100,444184
4,444130,444341,444346,444322,444407
3,444400,444563,444569,444543,444630
2,444720,444784,444792,444765,444853
5,444980,445005,445015,444987,445076
6,445220,445227,445238,445209,445299
9,445400,445448,445461,445430,445522
8,445760,445669,445684,445652,445744
7,445900,445891,445907,445874,445967
10,446260,446112,446130,446096,446190
1,446480,446538,446565,446561,446636
4,446610,446763,446787,446783,446859
2,446850,446989,447010,447005,447082
3,447200,447214,447233,447227,447304
6,447380,447439,447456,447448,447527
5,447680,447664,447678,447670,447750
8,447830,447889,447901,447892,447973
9,448220,448114,448124,448114,448196
10,448540,448339,448347,448335,448419
7,448630,448564,448569,448557,448641
4,448810,448790,448792,448779,448864
1,449070,449015,449015,449001,449087
2,449190,449240,449238,449222,449310
6,449400,449465,449460,449444,449533
3,449670,449690,449683,449666,449756
8,449740,449915,449906,449888,449979
5,449990,450140,450129,450109,450201
9,450540,450366,450351,450331,450424
10,450660,450591,450574,450553,450647
7,450870,450816,450797,450775,450870
